Iteration,Elapsed Time (s)
0,49.768821001052856
1,50.57233119010925
2,51.39288306236267
3,51.68376398086548
4,52.029568910598755
