Iteration,Elapsed Time (s)
0,20.888045072555542
1,20.868736028671265
2,21.056428909301758
3,21.221061944961548
4,26.437440872192383
